flow,extraction,vzmean,divergence
4.0,0.088243,39.28502866426527,31.43595078931261
