flow,extraction,vzmean,divergence
4.0,0.136514,30.547879777839587,19.761144605864775
