flow,extraction,vzmean,divergence
4.0,0.029551,31.17006610008076,46.2877044771678
