flow,extraction,vzmean,divergence
4.0,0.049273,26.426177080038336,22.92578384603703
