flow,extraction,vzmean,divergence
2.0,0.00539,53.30189938775509,18.52904577093939
5.0,0.02195,71.69332125740318,16.2027046915302
10.0,0.06903,89.25489771693468,14.657383715646075
30.0,0.2016,121.78160257589285,11.365165690062769
70.0,0.30896,145.03825867426207,10.263621371603296
